City,Population,Lat,Long
Aachen,252136,50.7753,6.0839
Aalen,68816,48.8367,10.0971
Achern,26471,48.6266,8.0749
Achim,32752,53.0092,9.0510
Ahaus,40245,52.0825,7.0150
Ahlen,53348,51.7601,7.8973
Ahrensburg,34509,53.6764,10.2379
Aichach,21908,48.4577,11.1360
Albstadt,46422,48.2137,9.0234
Alfter,23904,50.7380,7.0107
Alsdorf,48328,50.8716,6.1648
Altenburg,31315,50.9931,12.4367
Amberg,42534,49.4403,11.8633
Andernach,30277,50.4261,7.4087
Ansbach,42221,49.3004,10.5719
Apolda,23072,51.0260,11.5155
Arnsberg,74323,51.4073,8.0528
Arnstadt,28124,50.8409,10.9505
Aschaffenburg,72444,49.9807,9.1356
Aschersleben,26604,51.7591,11.4619
Attendorn,24448,51.1314,7.9049
Augsburg,301033,48.3705,10.8978
Aurich,42970,53.4708,7.4848
Backnang,37957,48.9471,9.4342
Bad Harzburg,21738,51.8867,10.5522
Bad Hersfeld,30652,50.8701,9.7020
Bad Homburg vor der Höhe,54996,50.2268,8.6182
Bad Honnef,26061,50.6426,7.2262
Bad Kissingen,23037,50.2007,10.0804
Bad Kreuznach,52529,49.8440,7.8731
Bad Krozingen,21684,47.9161,7.7003
Bad Mergentheim,24564,49.4885,9.7704
Bad Nauheim,33445,50.3673,8.7394
Bad Neuenahr-Ahrweiler,26669,50.5418,7.1197
Bad Oeynhausen,49477,52.2085,8.8010
Bad Oldesloe,24935,53.8076,10.3823
Bad Rappenau,22356,49.2402,9.1020
Bad Salzuflen,54808,52.0765,8.7556
Bad Salzungen,23013,50.8104,10.2322
Bad Schwartau,20255,53.9163,10.6854
Bad Soden am Taunus,23162,50.1461,8.4986
Bad Vilbel,35758,50.1823,8.7395
Bad Waldsee,20630,47.9227,9.7533
Bad Zwischenahn,29803,53.1814,8.0099
Baden-Baden,57025,48.7656,8.2285
Baesweiler,27620,50.9063,6.1825
Balingen,34945,48.2748,8.8495
Bamberg,79935,49.8988,10.9028
Barsinghausen,35156,52.3021,9.4694
Baunatal,28339,51.2537,9.4146
Bautzen,38140,51.1823,14.4238
Bayreuth,74506,49.9456,11.5713
Beckum,37333,51.7562,8.0426
Bedburg,24302,50.9893,6.5712
Bensheim,42089,49.6861,8.6187
Bergheim,62376,50.9452,6.6555
Bergisch Gladbach,112712,50.9923,7.1286
Bergkamen,49263,51.6158,7.6430
Berlin,3755251,52.5162,13.3777
Bernau bei Berlin,43685,52.6875,13.5673
Bernburg,32261,51.7834,11.7537
Biberach an der Riß,34008,48.1,9.783
Bielefeld,338332,52.0302,8.5325
Bietigheim-Bissingen,43755,48.9472,9.1305
Bingen am Rhein,26309,49.9667,7.9046
Bitterfeld-Wolfen,37894,51.6246,12.3080
Blankenfelde-Mahlow,29159,52.3481,13.4036
Blieskastel,20240,49.2423,7.2546
Bocholt,71930,51.8384,6.6151
Bochum,365742,51.4818,7.2162
Bonn,336465,50.7374,7.0982
Borken,43489,51.8483,6.8594
Bornheim,49025,50.7596,6.9821
Bottrop,118113,51.5291,6.9447
Bramsche,32179,52.4077,8.0016
Brandenburg an der Havel,73609,52.413,12.552
Braunschweig,251804,52.2689,10.5268
Bremen,569396,53.0793,8.8017
Bremerhaven,115468,53.5396,8.5809
Bretten,30073,49.0363,8.7011
Brilon,25511,51.3982,8.5749
Bruchköbel,20825,50.1825,8.9231
Bruchsal,46587,49.1250,8.5844
Brühl,44804,50.8268,6.8988
Buchholz in der Nordheide,40810,53.3177,9.8695
Burg,22689,52.2709,11.8554
Burgdorf,31287,52.4470,10.0056
Burgwedel,20506,52.5012,9.8974
Butzbach,27402,50.4350,8.6688
Buxtehude,40919,53.4675,9.6916
Böblingen,51460,48.6813,9.0088
Büdingen,22622,50.2863,9.1114
Bühl,29133,48.6955,8.1381
Bünde,46030,52.1982,8.5832
Büren,21483,51.5509,8.5598
Calw,24219,48.7122,8.7472
Castrop-Rauxel,73795,51.5633,7.3150
Celle,70138,52.6176,10.0629
Chemnitz,248563,50.8278,12.9214
Cloppenburg,37056,52.8442,8.0530
Coburg,41842,50.2612,10.9627
Coesfeld,37030,51.9383,7.1676
Coswig,20512,51.1305,13.5779
Cottbus,99515,51.7563,14.3329
Crailsheim,35760,49.1337,10.0634
Cuxhaven,48562,53.8593,8.6879
Dachau,48195,48.2630,11.4339
Darmstadt,162243,49.8728,8.6512
Datteln,35191,51.6461,7.3348
Deggendorf,35172,48.8409,12.9575
Delbrück,32774,51.7651,8.5621
Delitzsch,25244,51.5256,12.3381
Delmenhorst,78385,53.0522,8.6356
Dessau-Roßlau,79655,51.8428,12.2304
Detmold,75089,51.9385,8.8686
Dietzenbach,34928,50.0173,8.7870
Dillenburg,23480,50.7453,8.2808
Dingolfing,20607,48.6435,12.4852
Dinslaken,67762,51.5674,6.7475
Ditzingen,25145,48.8265,9.0676
Donaueschingen,22431,47.9522,8.4979
Dormagen,65147,51.0937,6.8289
Dorsten,76720,51.6560,6.9643
Dortmund,593317,51.5136,7.4653
Dreieich,42260,50.0295,8.6949
Dresden,563311,51.0504,13.7373
Duderstadt,20286,51.5097,10.2535
Duisburg,502211,51.4344,6.7623
Döbeln,23763,51.1229,13.1167
Dülmen,47468,51.8316,7.2835
Düren,93207,50.8030,6.4811
Düsseldorf,629047,51.2277,6.7735
Eberswalde,41461,52.8371,13.7876
Eckernförde,21507,54.4689,9.8384
Edewecht,22908,53.1262,7.9830
Ehingen,27276,48.2929,9.6612
Einbeck,30728,51.8206,9.8683
Eisenach,42408,50.9796,10.3147
Eisenhüttenstadt,24125,52.1437,14.6419
Eislingen/Fils,21745,48.7023,9.7120
Ellwangen,25678,48.9627,10.1302
Elmshorn,50772,53.7514,9.6633
Elsdorf,22021,50.9392,6.5635
Emden,50535,53.3594,7.2060
Emmendingen,28856,48.1171,7.8539
Emmerich am Rhein,31544,51.8396,6.2517
Emsdetten,36354,52.1682,7.5311
Enger,20705,52.1394,8.5583
Ennepetal,30652,51.3001,7.3613
Eppingen,22226,49.1380,8.9092
Erding,36813,48.3115,11.9189
Erftstadt,49882,50.7948,6.7775
Erfurt,214969,50.9848,11.0299
Erkelenz,44215,51.0785,6.3159
Erkrath,43856,51.2213,6.9073
Erlangen,116562,49.5897,11.0120
Eschborn,22070,50.1467,8.5615
Eschweiler,56049,50.8107,6.2631
Espelkamp,25174,52.3815,8.6210
Essen,584580,51.4556,7.0116
Esslingen am Neckar,94941,48.7433,9.3201
Ettlingen,39699,48.9432,8.3980
Euskirchen,59772,50.6574,6.7900
Falkensee,44806,52.5620,13.0770
Fellbach,45896,48.8216,9.2703
Filderstadt,46188,48.6782,9.2161
Flensburg,92550,54.7937,9.4470
Flörsheim am Main,21851,50.0124,8.4217
Forchheim,32972,49.7213,11.0699
Frankenthal,49051,49.5432,8.3512
Frankfurt am Main,773068,50.1109,8.6821
Frankfurt,58230,52.3472,14.5506
Frechen,52811,50.9122,6.8160
Freiberg,40485,50.9166,13.3417
Freiburg im Breisgau,236140,47.9990,7.8421
Freising,49339,48.4029,11.7412
Freital,39558,51.0009,13.6512
Freudenstadt,24301,48.4645,8.4180
Friedberg,30407,48.3560,10.9865
Friedberg,30818,50.3249,8.7409
Friedrichsdorf,25662,50.2538,8.6417
Friedrichshafen,62932,47.6618,9.4800
Friesoythe,22945,53.0245,7.8590
Fröndenberg/Ruhr,20548,51.5015,7.7484
Fulda,69968,50.5558,9.6808
Fürstenfeldbruck,37695,48.1739,11.2430
Fürstenwalde/Spree,32646,52.3680,14.0595
Fürth,131433,49.4771,10.9887
Gaggenau,30250,48.8036,8.3213
Ganderkesee,31939,53.0349,8.5427
Garbsen,61349,52.4273,9.5955
Gardelegen,22054,52.5268,11.4018
Garmisch-Partenkirchen,27482,47.4917,11.0955
Gauting,21276,48.0697,11.3784
Geesthacht,32336,53.4380,10.3612
Geestland,31507,53.6094,8.7944
Geilenkirchen,28252,50.9672,6.1175
Geislingen an der Steige,28655,48.6215,9.8294
Geldern,34298,51.5204,6.3258
Gelnhausen,23679,50.2046,9.1864
Gelsenkirchen,263000,51.5177,7.0857
Georgsmarienhütte,32190,52.2021,8.0492
Gera,93634,50.8851,12.0807
Geretsried,25623,47.8552,11.4872
Germering,41355,48.1352,11.3691
Germersheim,21099,49.2140,8.3668
Gersthofen,23274,48.4243,10.8763
Geseke,21685,51.6394,8.5068
Gevelsberg,31097,51.3221,7.3383
Giengen an der Brenz,20133,48.6224,10.2392
Gießen,94146,50.583,8.683
Gifhorn,43625,52.4809,10.5508
Gladbeck,75889,51.5707,6.9854
Glauchau,21951,50.8188,12.5452
Goch,35270,51.6800,6.1566
Goslar,50203,51.9060,10.4290
Gotha,46019,50.9469,10.7093
Greifswald,59691,54.0865,13.3923
Greiz,20397,50.6586,12.2077
Greven,38207,52.0965,7.6171
Grevenbroich,64596,51.0902,6.5859
Griesheim,27837,49.8614,8.5676
Grimma,28205,51.2364,12.7202
Gronau,49824,52.1841,7.0289
Groß-Gerau,26418,49.917,8.483
Groß-Umstadt,21028,49.867,8.933
Gummersbach,52001,51.0267,7.5693
Göppingen,59053,48.7054,9.6512
Görlitz,56574,51.1506,14.9687
Göttingen,118946,51.5413,9.9158
Günzburg,21486,48.4528,10.2775
Güstrow,29556,53.8032,12.1895
Gütersloh,102393,51.9032,8.3858
Haan,30542,51.1923,7.0066
Haar,22555,48.1104,11.7321
Hagen,189783,51.3671,7.4633
Halberstadt,40457,51.8949,11.0496
Halle,21970,52.0589,8.3598
Halle,242083,51.467,11.967
Haltern am See,38117,51.7446,7.1830
Hamburg,1892122,53.5502,9.9920
Hameln,57905,52.1083,9.3622
Hamm,180849,51.6739,7.8160
Hamminkeln,27248,51.7329,6.5955
Hanau,101364,50.1264,8.9283
Hann. Münden,23530,51.4193,9.6558
Hannover,545045,52.3759,9.7320
Haren,24498,52.7942,7.2368
Harsewinkel,25999,51.9643,8.2334
Hattersheim am Main,28528,50.0696,8.4872
Hattingen,54637,51.4018,7.1912
Haßloch,20387,49.3610,8.2578
Heide,22114,54.1952,9.1019
Heidelberg,162273,49.3988,8.6724
Heidenheim an der Brenz,50025,48.6894,10.1611
Heilbronn,128334,49.1427,9.2109
Heiligenhaus,26681,51.3273,6.9656
Heinsberg,43476,51.0600,6.1184
Helmstedt,25779,52.2290,11.0095
Hemer,34024,51.3830,7.7743
Hennef,48002,50.7603,7.3465
Hennigsdorf,26728,52.6320,13.2011
Henstedt-Ulzburg,28323,53.7905,9.9805
Heppenheim,26946,49.6430,8.6675
Herborn,20894,50.6784,8.2997
Herdecke,22758,51.4032,7.4328
Herford,67459,52.1178,8.6794
Herne,157368,51.5369,7.2009
Herrenberg,32649,48.5950,8.8672
Herten,62473,51.6021,7.1390
Herzogenaurach,24404,49.5683,10.8829
Herzogenrath,46941,50.8650,6.0912
Hilden,55815,51.1679,6.9352
Hildesheim,101858,52.1548,9.9580
Hockenheim,21745,49.3196,8.5499
Hof,46656,50.3135,11.9128
Hofheim am Taunus,40371,50.0842,8.4432
Hohen Neuendorf,27139,52.6721,13.2787
Holzminden,20120,51.8238,9.4559
Homburg,42297,49.3296,7.3398
Horb am Neckar,25752,48.4421,8.6849
Hoyerswerda,31356,51.4389,14.2536
Husum,23735,54.4838,9.0601
Hörstel,20766,52.2959,7.5839
Höxter,28709,51.7775,9.3771
Hückelhoven,41301,51.0533,6.2226
Hürth,60969,50.8806,6.8881
Ibbenbüren,52421,52.2768,7.7190
Idar-Oberstein,28851,49.7145,7.3072
Idstein,25554,50.2172,8.2659
Ilmenau,39127,50.6844,10.9255
Ilsede,22206,52.2627,10.1931
Ingelheim am Rhein,36002,49.9764,8.0561
Ingolstadt,141029,48.7665,11.4258
Iserlohn,92540,51.3765,7.6961
Isernhagen,24563,52.4781,9.8017
Itzehoe,32258,53.9318,9.5051
Jena,111191,50.9271,11.5892
Jüchen,23940,51.1007,6.5038
Jülich,33158,50.9224,6.3639
Kaarst,44253,51.2241,6.6172
Kaiserslautern,101228,49.4401,7.7491
Kaltenkirchen,23538,53.8306,9.9586
Kamen,43058,51.5883,7.6590
Kamp-Lintfort,38665,51.4958,6.5321
Karben,23172,50.2304,8.7737
Karlsfeld,22069,48.2291,11.4744
Karlsruhe,308707,49.0069,8.4037
Kassel,204202,51.3127,9.4797
Kaufbeuren,45792,47.8830,10.6260
Kehl,38154,48.5789,7.8161
Kelkheim,29112,50.1349,8.4512
Kempen,34841,51.3650,6.4205
Kempten,70056,47.7286,10.3158
Kerpen,67239,50.8748,6.6884
Kevelaer,28232,51.5813,6.2458
Kiel,247717,54.3233,10.1228
Kirchheim unter Teck,41907,48.6471,9.4520
Kitzingen,22945,49.7341,10.1474
Kleinmachnow,20341,52.4079,13.2227
Kleve,53388,51.7867,6.1295
Koblenz,115268,50.3569,7.5890
Konstanz,85859,47.6779,9.1732
Korbach,23706,51.2774,8.8710
Kornwestheim,34130,48.8651,9.1858
Korschenbroich,34187,51.1895,6.5144
Krefeld,228426,51.3388,6.5853
Kreuztal,31197,50.9694,7.9924
Kulmbach,25818,50.1039,11.4448
Köln,1084831,50.9413,6.9583
Königs Wusterhausen,38929,52.2959,13.6228
Königsbrunn,28231,48.2731,10.8894
Königswinter,41495,50.6920,7.1862
Köthen,25116,51.7506,11.9802
Kürten,20128,51.0532,7.2634
Laatzen,42675,52.3082,9.8086
Lage,35423,51.9944,8.7995
Lahr/Schwarzwald,49074,48.3392,7.8781
Lampertheim,32870,49.5997,8.4666
Landau in der Pfalz,47610,49.1989,8.1186
Landsberg am Lech,29551,48.0508,10.8704
Landshut,75457,48.5442,12.1469
Langen,39217,49.9915,8.6634
Langenfeld,59783,51.1192,6.9513
Langenhagen,55367,52.4528,9.7444
Lauf an der Pegnitz,26420,49.5110,11.2780
Laupheim,22863,48.2304,9.8829
Leer,35663,53.2357,7.4679
Lehrte,44823,52.3746,9.9784
Leichlingen,28048,51.1025,7.0096
Leimen,27142,49.3491,8.6879
Leinefelde-Worbis,20119,51.4071,10.3306
Leinfelden-Echterdingen,40420,48.6980,9.1407
Leipzig,616093,51.3397,12.3731
Lemgo,40594,52.0267,8.9019
Lengerich,22980,52.1823,7.8626
Lennestadt,25352,51.1038,8.0733
Leonberg,49512,48.7960,9.0096
Leutkirch im Allgäu,23345,47.8267,10.0214
Leverkusen,165748,51.0459,7.0192
Lichtenfels,20217,50.1433,11.0630
Lilienthal,20293,53.1491,8.9134
Limbach-Oberfrohna,23833,50.8576,12.7537
Limburg an der Lahn,36053,50.3986,8.0796
Lindau,25846,47.5798,9.6789
Lindlar,21665,51.0189,7.3766
Lingen,56542,52.5403,7.3293
Lippstadt,68890,51.6712,8.3406
Lohmar,30846,50.8378,7.2127
Lohne,27814,52.6506,8.2626
Luckenwalde,20839,52.0904,13.1637
Ludwigsburg,94157,48.8941,9.1955
Ludwigsfelde,28424,52.3011,13.2616
Ludwigshafen am Rhein,174265,49.4774,8.4452
Lutherstadt Eisleben,22639,51.5195,11.5577
Lutherstadt Wittenberg,45535,51.8740,12.6280
Löhne,40265,52.1984,8.7146
Lörrach,49876,47.6169,7.6709
Lübbecke,26027,52.3097,8.6223
Lübeck,218095,53.8655,10.6866
Lüdenscheid,71865,51.2191,7.6313
Lüdinghausen,25259,51.7682,7.4466
Lüneburg,76837,53.2464,10.4115
Lünen,86868,51.6105,7.5285
Magdeburg,239364,52.1205,11.6276
Maintal,39815,50.1472,8.8250
Mainz,220552,49.9929,8.2473
Mannheim,315554,49.4875,8.4660
Marburg,77845,50.8022,8.7668
Markkleeberg,24523,51.2749,12.3665
Marl,84331,51.6591,7.1060
Mechernich,28567,50.5917,6.6531
Meckenheim,24877,50.6259,7.0320
Meerbusch,57422,51.2504,6.6907
Meinerzhagen,20812,51.1053,7.6509
Meiningen,24745,50.5739,10.4190
Meißen,29011,51.1618,13.4977
Melle,47228,52.2033,8.3373
Memmingen,45857,47.9838,10.1802
Menden,52485,51.4377,7.7953
Meppen,36117,52.6953,7.2994
Merseburg,34335,51.3563,11.9917
Merzig,30051,49.4490,6.6438
Meschede,30025,51.3511,8.2851
Mettmann,39134,51.2507,6.9740
Metzingen,22528,48.5399,9.2864
Minden,83076,52.2965,8.8949
Moers,105287,51.4516,6.6408
Monheim am Rhein,43050,51.0892,6.8946
Moormerland,24055,53.3076,7.4800
Mosbach,23484,49.3489,9.1294
Mönchengladbach,268465,51.1805,6.4428
Mörfelden-Walldorf,35291,49.9807,8.5615
Mössingen,20900,48.4072,9.0563
Mühlacker,26394,48.9489,8.8524
Mühldorf am Inn,21697,48.2458,12.5220
Mühlhausen/Thüringen,36226,51.2099,10.4571
Mühlheim am Main,29252,50.1202,8.8383
Mülheim an der Ruhr,172404,51.4186,6.8845
München,1512491,48.1372,11.5755
Münster,320946,51.9607,7.6261
Nagold,22985,48.5474,8.7235
Naumburg,32289,51.1520,11.8142
Neckarsulm,26495,49.1923,9.2287
Netphen,23363,50.9151,8.1073
Nettetal,43095,51.3263,6.2721
Neu Wulmstorf,22450,53.4641,9.7912
Neu-Isenburg,39287,50.0522,8.6953
Neu-Ulm,61043,48.3906,10.0060
Neubrandenburg,63989,53.5678,13.2779
Neuburg an der Donau,30467,48.7303,11.1888
Neufahrn bei Freising,20590,48.3150,11.6618
Neukirchen-Vluyn,27956,51.4424,6.5537
Neumarkt in der Oberpfalz,40808,49.2773,11.4672
Neumünster,79502,54.0729,9.9840
Neunkirchen,46882,49.3518,7.1864
Neunkirchen-Seelscheid,20109,50.8553,7.3319
Neuruppin,31422,52.9155,12.7991
Neuss,154139,51.2042,6.6880
Neustadt am Rübenberge,45262,52.5036,9.4518
Neustadt an der Weinstraße,53981,49.35,8.15
Neustrelitz,20340,53.3601,13.0730
Neusäß,22872,48.4,10.833
Neuwied,65986,50.4362,7.4665
Nidderau,20700,50.2465,8.8831
Niederkassel,39281,50.8153,7.0377
Nienburg/Weser,32126,52.6381,9.2084
Norden,25179,53.5988,7.1967
Nordenham,26308,53.4986,8.4924
Norderstedt,81880,53.6993,10.0009
Nordhausen,41339,51.4991,10.7916
Nordhorn,55242,52.4296,7.0686
Northeim,29440,51.7002,9.9959
Nördlingen,21009,48.8508,10.4895
Nürnberg,523026,49.4521,11.0767
Nürtingen,41403,48.6244,9.3469
Oberhausen,210824,51.4963,6.8638
Oberkirch,20092,48.5336,8.0768
Obertshausen,25307,50.0751,8.8573
Oberursel,47042,50.2025,8.5770
Ochtrup,20230,52.2057,7.1876
Oelde,29644,51.8297,8.1464
Oer-Erkenschwick,31838,51.6430,7.2595
Offenbach am Main,134170,50.0956,8.7761
Offenburg,61670,48.4735,7.9498
Olching,27927,48.2071,11.3335
Oldenburg,172830,53.15,8.217
Olpe,25015,51.0282,7.8503
Oranienburg,47752,52.7537,13.2367
Osnabrück,167366,52.2799,8.0472
Osterholz-Scharmbeck,30659,53.2269,8.7900
Osterode am Harz,21446,51.7294,10.2580
Ostfildern,39806,48.7288,9.2586
Ottobrunn,22430,48.0641,11.6652
Overath,27405,50.9329,7.2824
Paderborn,154755,51.7189,8.7575
Panketal,20854,52.6509,13.5408
Papenburg,38556,53.0726,7.4233
Passau,53907,48.5667,13.4319
Peine,51411,52.3204,10.2433
Petershagen,25222,52.3746,8.9649
Pfaffenhofen an der Ilm,26943,48.5275,11.5124
Pforzheim,127849,48.8922,8.6946
Pfungstadt,25231,49.8029,8.6035
Pinneberg,44279,53.6545,9.7938
Pirmasens,40682,49.2016,7.6002
Pirna,39054,50.9625,13.9419
Plauen,64763,50.4976,12.1369
Plettenberg,24954,51.2096,7.8702
Porta Westfalica,36374,52.2253,8.9402
Potsdam,185750,52.3906,13.0645
Puchheim,21420,48.1632,11.3422
Pulheim,55530,50.9996,6.8077
Quedlinburg,23313,51.78954,11.14192
Quickborn,22165,53.7289,9.9079
Radebeul,34096,51.1116,13.6494
Radevormwald,22222,51.2016,7.3591
Radolfzell am Bodensee,32043,47.7452,8.9669
Rastatt,51310,48.8591,8.2059
Rastede,23180,53.2445,8.2005
Rathenow,24597,52.6048,12.3379
Ratingen,87388,51.2964,6.8402
Ravensburg,51482,47.7783,9.6121
Recklinghausen,111734,51.6141,7.1979
Rees,21475,51.7671,6.4015
Regensburg,157443,49.0134,12.1016
Reichenbach im Vogtland,20371,50.6175,12.2990
Reinbek,28536,53.5170,10.2443
Remscheid,112613,51.1787,7.1897
Remseck am Neckar,26549,48.8767,9.2618
Rendsburg,29743,54.3081,9.6607
Reutlingen,117547,48.5069,9.2038
Rheda-Wiedenbrück,49486,51.8459,8.2997
Rheinbach,27102,50.6253,6.9477
Rheinberg,31150,51.5461,6.5899
Rheine,77893,52.2816,7.4434
Rheinfelden,33581,47.5896,7.7688
Rheinstetten,20659,48.9618,8.2922
Riedstadt,24209,49.8432,8.4672
Riesa,29076,51.3118,13.2677
Rietberg,29919,51.8167,8.4342
Rinteln,25721,52.2020,9.0760
Rodgau,46426,50.0013,8.8769
Ronnenberg,24570,52.3182,9.6546
Rosenheim,64403,47.8571,12.1181
Rostock,209920,54.0924,12.0991
Rotenburg,22656,53.0852,9.3869
Roth,25367,49.2456,11.0912
Rottenburg am Neckar,44653,48.4791,8.9409
Rottweil,25513,48.1653,8.6285
Rudolstadt,24749,50.7183,11.3337
Rödermark,28834,49.9729,8.8302
Rösrath,28889,50.9045,7.1835
Rüsselsheim am Main,67277,49.9887,8.4217
Saalfeld/Saale,29224,50.6493,11.3662
Saarbrücken,181959,49.2402,6.9969
Saarlouis,34717,49.3135,6.7523
Salzgitter,104548,52.1379,10.3899
Salzkotten,25311,51.6670,8.6011
Salzwedel,23543,52.8503,11.1647
Sangerhausen,25441,51.4725,11.2995
Sankt Augustin,56369,50.7695,7.1876
Schifferstadt,20615,49.3829,8.3767
Schleswig,25832,54.5239,9.5632
Schloß Holte-Stukenbrock,27467,51.9,8.617
Schmalkalden,20065,50.7234,10.4546
Schmallenberg,24878,51.1526,8.2908
Schopfheim,20163,47.6519,7.8236
Schorndorf,40204,48.8015,9.5296
Schortens,20797,53.5381,7.9443
Schramberg,21125,48.2281,8.3845
Schwabach,41227,49.3289,11.0245
Schwandorf,29990,49.3199,12.1091
Schwanewede,20661,53.2231,8.5890
Schwedt/Oder,33524,53.0625,14.2735
Schweinfurt,54675,50.0492,10.2194
Schwelm,28723,51.2883,7.2911
Schwerin,98596,53.6355,11.4012
Schwerte,46658,51.4289,7.5656
Schwetzingen,22062,49.3852,8.5722
Schwäbisch Gmünd,62325,48.7994,9.8046
Schwäbisch Hall,41898,49.1125,9.7373
Schönebeck,30389,52.0091,11.7470
Seelze,34742,52.3949,9.5939
Seevetal,42449,53.3807,10.0301
Sehnde,24157,52.3172,9.9673
Seligenstadt,21568,50.0437,8.9711
Selm,26163,51.6957,7.4676
Senden,20895,51.8588,7.4826
Senden,22896,48.3256,10.0493
Senftenberg,23405,51.5190,13.9969
Siegburg,42049,50.7998,7.2075
Siegen,102560,50.8838,8.0210
Sindelfingen,64995,48.7075,9.0044
Singen,49441,47.7671,8.8722
Sinsheim,36601,49.2489,8.8885
Soest,48607,51.5711,8.1058
Solingen,160643,51.1652,7.0671
Soltau,21808,52.9847,9.8421
Sondershausen,21317,51.3692,10.8711
Sonneberg,23507,50.3602,11.1710
Sonthofen,21859,47.5161,10.2809
Speyer,51368,49.3173,8.4412
Spremberg,21585,51.5696,14.3768
Springe,29113,52.2108,9.5531
Sprockhövel,24838,51.3640,7.2469
St. Ingbert,35216,49.2774,7.1119
St. Wendel,25583,49.4678,7.1691
Stade,48353,53.5929,9.4709
Stadtallendorf,21552,50.8219,9.0202
Stadthagen,22643,52.3252,9.1998
Stadtlohn,20807,51.9921,6.9138
Starnberg,23741,48.0000,11.3390
Staßfurt,24293,51.846,11.58
Steinfurt,35102,52.1446,7.3335
Steinhagen,20671,52.0049,8.4151
Stendal,39105,52.6041,11.8518
Stolberg,56455,50.7731,6.2252
Stralsund,59363,54.3091,13.0770
Straubing,49164,48.8777,12.5802
Strausberg,27344,52.5659,13.8778
Stuhr,33952,53.0290,8.7361
Stutensee,25204,49.0648,8.4695
Stuttgart,632865,48.7758,9.1829
Suhl,37009,50.6077,10.6881
Sundern,27741,51.3254,8.0035
Syke,24810,52.9127,8.8181
Taunusstein,30810,50.1396,8.1496
Telgte,20222,51.9826,7.7838
Teltow,27697,52.3975,13.2753
Tettnang,20037,47.6682,9.5916
Traunreut,21102,47.9617,12.5987
Traunstein,21251,47.8678,12.6384
Trier,112195,49.7500,6.6371
Troisdorf,76251,50.8177,7.1430
Tuttlingen,37458,47.9823,8.8192
Tönisvorst,29319,51.3275,6.4438
Tübingen,92811,48.5216,9.0576
Uelzen,33934,52.9658,10.5580
Uetze,20471,52.4648,10.2035
Ulm,128928,48.4011,9.9876
Unna,60892,51.5426,7.6853
Unterhaching,25873,48.0689,11.6213
Unterschleißheim,29523,48.283,11.567
Vaihingen an der Enz,29305,48.9334,8.9612
Varel,24397,53.3962,8.1368
Vaterstetten,25530,48.1057,11.7754
Vechta,33769,52.7292,8.2839
Velbert,82445,51.3371,7.0427
Verden,28526,52.9348,9.2330
Verl,25522,51.8819,8.5061
Versmold,22274,52.0412,8.1484
Viernheim,34534,49.5412,8.5785
Viersen,78208,51.2555,6.3965
Villingen-Schwenningen,88213,48.0594,8.4641
Voerde,36196,51.6005,6.6544
Vreden,23161,52.0354,6.8245
Völklingen,40192,49.2556,6.8589
Wachtberg,20581,50.6199,7.0870
Waghäusel,21444,49.2495,8.5154
Waiblingen,56081,48.8294,9.3186
Waldkirch,22127,48.0915,7.9586
Waldkraiburg,24488,48.2087,12.4016
Waldshut-Tiengen,24605,47.6327,8.2719
Wallenhorst,22989,52.3492,8.0053
Walsrode,30819,52.8617,9.5931
Waltrop,29644,51.6216,7.4031
Wandlitz,24104,52.7542,13.4728
Wangen im Allgäu,27411,47.6875,9.8318
Warburg,23322,51.4899,9.1452
Waren,21267,53.5162,12.6819
Warendorf,37616,51.9539,7.9909
Warstein,24647,51.4492,8.3558
Wedel,34538,53.5824,9.7137
Wedemark,29814,52.5458,9.7336
Wegberg,28074,51.1423,6.2816
Weiden in der Oberpfalz,43052,49.6744,12.1489
Weil am Rhein,30769,47.5934,7.6198
Weilheim in Oberbayern,23056,47.8407,11.1421
Weimar,65620,50.9795,11.3235
Weingarten,25257,47.8096,9.6380
Weinheim,45275,49.5450,8.6603
Weinstadt,27088,48.8109,9.3644
Weiterstadt,26322,49.8992,8.5991
Weißenfels,39041,51.1973,11.9689
Werdau,20702,50.7289,12.3752
Werder,27039,52.3648,12.8701
Werl,31045,51.5584,7.9114
Wermelskirchen,34739,51.1405,7.2210
Werne,29680,51.6650,7.6314
Wernigerode,32024,51.8368,10.7844
Wertheim,23196,49.7586,9.5129
Wesel,61330,51.6643,6.6296
Wesseling,38192,50.8256,6.9725
Westerstede,23854,53.2551,7.9264
Westoverledingen,21678,53.1540,7.4420
Wetter,27550,51.3860,7.3915
Wetzlar,54187,50.5590,8.5082
Weyhe,31672,52.9830,8.8505
Wiehl,25314,50.9487,7.5609
Wiesbaden,283083,50.0782,8.2398
Wiesloch,27049,49.2954,8.6962
Wildeshausen,21154,52.8916,8.4259
Wilhelmshaven,76089,53.5323,8.1069
Willich,50144,51.2655,6.5443
Winnenden,29245,48.8750,9.3971
Winsen,36295,53.3574,10.2127
Wipperfürth,21112,51.1180,7.3955
Wismar,43878,53.8979,11.4516
Witten,95897,51.4439,7.3532
Wittmund,20773,53.5766,7.7733
Wolfenbüttel,52681,52.1640,10.5408
Wolfsburg,125961,52.4227,10.7865
Worms,84646,49.6341,8.3507
Wunstorf,41689,52.4208,9.4433
Wuppertal,358876,51.2562,7.1508
Wülfrath,21100,51.2803,7.0350
Würselen,38598,50.8217,6.1321
Würzburg,127810,49.7913,9.9534
Xanten,21582,51.6571,6.4487
Zeitz,27976,51.0443,12.1403
Zerbst/Anhalt,21519,51.9669,12.0846
Zirndorf,26234,49.4446,10.9550
Zittau,24794,50.9000,14.8030
Zossen,21433,52.2170,13.4538
Zweibrücken,34534,49.2451,7.3634
Zwickau,87172,50.7102,12.4734
Zülpich,21025,50.6939,6.6550
Öhringen,25388,49.2,9.5
Übach-Palenberg,24215,50.933,6.1
Überlingen,23098,47.7662,9.1703
